Date,FB,AAPL,AMZN,NFLX,GOOG
3/2/2015 16:00:00,79.75,29.07,19.28,68.61,28.49
3/3/2015 16:00:00,79.6,32.34,19.23,67.82,28.6
3/4/2015 16:00:00,80.9,32.14,19.14,67.11,28.59
3/5/2015 16:00:00,81.21,31.6,19.39,66.81,28.69
3/6/2015 16:00:00,80.01,31.65,19,64.87,28.31
3/9/2015 16:00:00,79.44,31.79,18.93,63.66,28.36
3/10/2015 16:00:00,77.55,31.13,18.48,62.15,27.67
3/11/2015 16:00:00,77.57,30.56,18.32,62.88,27.48
3/12/2015 16:00:00,78.93,31.11,18.71,64.05,27.7
3/13/2015 16:00:00,78.05,30.9,18.53,62.63,27.29
3/16/2015 16:00:00,78.07,31.24,18.67,60.28,27.65
3/17/2015 16:00:00,79.36,31.76,18.6,59.79,27.47
3/18/2015 16:00:00,80.91,32.12,18.76,60.45,27.9
3/19/2015 16:00:00,82.75,31.87,18.66,60.74,27.82
3/20/2015 16:00:00,83.8,31.48,18.92,61.19,27.94
3/23/2015 16:00:00,84.43,31.8,18.76,60.71,27.86
3/24/2015 16:00:00,85.31,31.67,18.7,62.61,28.43
3/25/2015 16:00:00,82.92,30.85,18.55,60.25,27.86
3/26/2015 16:00:00,83.01,31.06,18.37,59.75,27.68
3/27/2015 16:00:00,83.3,30.81,18.53,59.25,27.34
3/30/2015 16:00:00,83.2,31.59,18.73,60.37,27.53
3/31/2015 16:00:00,82.22,31.11,18.61,59.53,27.32
4/1/2015 16:00:00,81.67,31.06,18.51,59.02,27.05
4/2/2015 16:00:00,81.56,31.33,18.61,59.15,26.7
4/6/2015 16:00:00,82.44,31.84,18.85,60.33,26.76
4/7/2015 16:00:00,82.32,31.5,18.72,60.49,26.78
4/8/2015 16:00:00,82.28,31.4,19.06,63.05,27.01
4/9/2015 16:00:00,82.17,31.64,19.18,62.79,26.96
4/10/2015 16:00:00,82.04,31.78,19.13,64.94,26.93
4/13/2015 16:00:00,83.01,31.71,19.12,67.81,26.88
4/14/2015 16:00:00,83.52,31.58,19.26,68.39,26.45
4/15/2015 16:00:00,82.71,31.7,19.17,67.92,26.55
4/16/2015 16:00:00,82.31,31.54,19.3,80.29,26.62
4/17/2015 16:00:00,80.78,31.19,18.78,81.65,26.13
4/20/2015 16:00:00,83.09,31.9,19.48,81.06,26.7
4/21/2015 16:00:00,83.62,31.73,19.56,80.06,26.63
4/22/2015 16:00:00,84.63,32.16,19.49,79.67,26.89
4/23/2015 16:00:00,82.41,32.42,19.5,79.87,27.28
4/24/2015 16:00:00,81.53,32.57,22.26,79.77,28.18
4/27/2015 16:00:00,81.91,33.16,21.93,80.87,27.77
4/28/2015 16:00:00,80.68,32.64,21.47,80.44,27.68
4/29/2015 16:00:00,80.47,32.16,21.47,80.41,27.45
4/30/2015 16:00:00,78.77,31.29,21.09,79.5,26.87
5/1/2015 16:00:00,78.99,32.24,21.14,79.58,26.9
5/4/2015 16:00:00,78.81,32.17,21.15,79.27,27.04
5/5/2015 16:00:00,77.56,31.45,21.06,80.79,26.54
5/6/2015 16:00:00,78.1,31.25,20.96,80.08,26.21
5/7/2015 16:00:00,78.43,31.32,21.34,80.75,26.54
5/8/2015 16:00:00,78.51,31.91,21.68,82.09,26.91
5/11/2015 16:00:00,78.01,31.58,21.64,84.28,26.79
5/12/2015 16:00:00,77.46,31.47,21.55,83.38,26.45
5/13/2015 16:00:00,78.44,31.5,21.34,82.87,26.48
5/14/2015 16:00:00,81.37,32.24,21.61,83.84,26.92
5/15/2015 16:00:00,80.42,32.19,21.3,87.61,26.69
5/18/2015 16:00:00,80.88,32.55,21.26,88.27,26.62
5/19/2015 16:00:00,80.63,32.52,21.09,88.07,26.87
5/20/2015 16:00:00,80.55,32.52,21.19,88.79,26.96
5/21/2015 16:00:00,80.48,32.85,21.58,89,27.13
5/22/2015 16:00:00,80.54,33.14,21.38,88.84,27.01
5/26/2015 16:00:00,79.33,32.41,21.27,87.99,26.62
5/27/2015 16:00:00,80.55,33.01,21.57,89.86,26.99
5/28/2015 16:00:00,80.15,32.95,21.33,89.51,26.99
5/29/2015 16:00:00,79.19,32.57,21.46,89.15,26.61
6/1/2015 16:00:00,80.29,32.63,21.55,89,26.7
6/2/2015 16:00:00,80.44,32.49,21.55,89.13,26.96
6/3/2015 16:00:00,82.44,32.53,21.83,88.81,27.02
6/4/2015 16:00:00,82.05,32.34,21.54,89.35,26.84
6/5/2015 16:00:00,82.14,32.16,21.35,90.46,26.67
6/8/2015 16:00:00,80.67,31.95,21.18,89.6,26.34
6/9/2015 16:00:00,80.67,31.86,21.27,92.45,26.33
6/10/2015 16:00:00,82.16,32.22,21.54,95.87,26.83
6/11/2015 16:00:00,81.83,32.15,21.65,95.09,26.73
6/12/2015 16:00:00,81.53,31.79,21.5,94.42,26.62
6/15/2015 16:00:00,80.71,31.73,21.18,93.43,26.36
6/16/2015 16:00:00,81.06,31.9,21.36,95.27,26.41
6/17/2015 16:00:00,81.79,31.83,21.39,94.27,26.46
6/18/2015 16:00:00,82.91,31.97,21.97,94.74,26.84
6/19/2015 16:00:00,82.51,31.65,21.75,93.87,26.83
6/22/2015 16:00:00,84.74,31.9,21.81,96.41,26.91
6/23/2015 16:00:00,87.88,31.76,22.3,97.31,27.02
6/24/2015 16:00:00,88.86,32.03,22.04,96.94,26.89
6/25/2015 16:00:00,87.98,31.88,22.01,94.89,26.76
6/26/2015 16:00:00,88.01,31.69,21.91,93.09,26.58
6/29/2015 16:00:00,85.8,31.13,21.49,92.23,26.08
6/30/2015 16:00:00,85.77,31.36,21.7,93.85,26.03
7/1/2015 16:00:00,86.91,31.65,21.87,93.64,26.09
7/2/2015 16:00:00,87.29,31.61,21.89,94.04,26.17
7/6/2015 16:00:00,87.55,31.5,21.8,94.57,26.14
7/7/2015 16:00:00,87.22,31.42,21.84,94.09,26.25
7/8/2015 16:00:00,85.65,30.64,21.49,93.51,25.84
7/9/2015 16:00:00,85.88,30.02,21.72,95.73,26.03
7/10/2015 16:00:00,87.95,30.82,22.18,97.23,26.51
7/13/2015 16:00:00,90.1,31.42,22.78,101.09,27.33
7/14/2015 16:00:00,89.68,31.4,23.28,100.37,28.06
7/15/2015 16:00:00,89.76,31.71,23.06,98.13,28.01
7/16/2015 16:00:00,90.85,32.13,23.77,115.81,28.99
7/17/2015 16:00:00,94.97,32.41,24.15,114.77,33.65
7/20/2015 16:00:00,97.91,33.02,24.41,110.55,33.15
7/21/2015 16:00:00,98.39,32.69,24.4,112.51,33.12
7/22/2015 16:00:00,97.04,31.31,24.41,111.5,33.1
7/23/2015 16:00:00,95.44,31.29,24.11,110.1,32.21
7/24/2015 16:00:00,96.95,31.13,26.47,109.34,31.18
7/27/2015 16:00:00,94.17,30.69,26.57,106.43,31.36
7/28/2015 16:00:00,95.29,30.85,26.3,106.9,31.4
7/29/2015 16:00:00,96.99,30.75,26.45,107.08,31.6
7/30/2015 16:00:00,95.21,30.59,26.84,111.56,31.63
7/31/2015 16:00:00,94.01,30.33,26.81,114.31,31.28
8/3/2015 16:00:00,94.14,29.61,26.75,112.56,31.56
8/4/2015 16:00:00,94.06,28.66,26.6,121.15,31.46
8/5/2015 16:00:00,96.44,28.85,26.85,123.71,32.19
8/6/2015 16:00:00,95.12,28.78,26.47,126.45,32.13
8/7/2015 16:00:00,94.3,28.88,26.13,123.52,31.77
8/10/2015 16:00:00,94.15,29.93,26.2,123.03,31.69
8/11/2015 16:00:00,93.62,28.37,26.37,122.74,33.04
8/12/2015 16:00:00,94.19,28.81,26.3,120.51,32.98
8/13/2015 16:00:00,93.43,28.79,26.48,123.73,32.82
8/14/2015 16:00:00,94.42,28.99,26.58,123.39,32.86
8/17/2015 16:00:00,93.93,29.29,26.76,125.36,33.04
8/18/2015 16:00:00,95.17,29.13,26.75,124.05,32.81
8/19/2015 16:00:00,95.31,28.75,26.65,122.06,33.05
8/20/2015 16:00:00,90.56,28.16,25.79,112.49,32.34
8/21/2015 16:00:00,86.06,26.44,24.72,103.96,30.62
8/24/2015 16:00:00,82.09,25.78,23.17,96.88,29.48
8/25/2015 16:00:00,83,25.94,23.32,101.52,29.1
8/26/2015 16:00:00,87.19,27.42,25.04,110.13,31.43
8/27/2015 16:00:00,89.73,28.23,25.92,117.66,31.88
8/28/2015 16:00:00,91.01,28.32,25.9,117.63,31.52
8/31/2015 16:00:00,89.43,28.19,25.64,115.03,30.91
9/1/2015 16:00:00,87.23,26.93,24.83,105.79,29.89
9/2/2015 16:00:00,89.89,28.09,25.53,105.44,30.72
9/3/2015 16:00:00,88.15,27.59,25.24,101.06,30.31
9/4/2015 16:00:00,88.26,27.32,24.95,98.79,30.04
9/8/2015 16:00:00,89.53,28.08,25.88,94.95,30.73
9/9/2015 16:00:00,90.44,27.54,25.84,99.18,30.64
9/10/2015 16:00:00,91.98,28.14,26.11,99.48,31.07
9/11/2015 16:00:00,92.05,28.55,26.47,97.51,31.29
9/14/2015 16:00:00,92.31,28.83,26.07,95.69,31.16
9/15/2015 16:00:00,92.9,29.07,26.12,99.16,31.76
9/16/2015 16:00:00,93.45,29.1,26.37,104.08,31.8
9/17/2015 16:00:00,94.34,28.48,26.94,104.21,32.15
9/18/2015 16:00:00,94.4,28.36,27.01,102.62,31.46
9/21/2015 16:00:00,95.55,28.8,27.42,100.3,31.77
9/22/2015 16:00:00,92.96,28.35,26.92,98.47,31.13
9/23/2015 16:00:00,93.97,28.58,26.8,98.07,31.12
9/24/2015 16:00:00,94.41,28.75,26.69,103.76,31.29
9/25/2015 16:00:00,92.77,28.68,26.21,102.24,30.6
9/28/2015 16:00:00,89.21,28.11,25.2,99.47,29.74
9/29/2015 16:00:00,86.67,27.27,24.8,98.35,29.75
9/30/2015 16:00:00,89.9,27.58,25.59,103.26,30.42
10/1/2015 16:00:00,90.95,27.4,26.04,105.98,30.56
10/2/2015 16:00:00,92.07,27.6,26.63,106.11,31.35
10/5/2015 16:00:00,94.01,27.7,27.18,111.25,32.07
10/6/2015 16:00:00,92.8,27.83,26.87,108.33,32.27
10/7/2015 16:00:00,92.4,27.7,27.1,108.1,32.12
10/8/2015 16:00:00,92.47,27.38,26.66,114.93,31.96
10/9/2015 16:00:00,93.24,28.03,26.99,113.33,32.18
10/12/2015 16:00:00,94.26,27.9,27.51,113.45,32.33
10/13/2015 16:00:00,94.12,27.95,27.45,109.73,32.62
10/14/2015 16:00:00,94.07,27.55,27.24,110.23,32.56
10/15/2015 16:00:00,95.96,27.97,28.12,101.09,33.09
10/16/2015 16:00:00,97.54,27.76,28.54,98.99,33.11
10/19/2015 16:00:00,98.47,27.93,28.66,101.69,33.31
10/20/2015 16:00:00,97,28.44,28.04,98.99,32.51
10/21/2015 16:00:00,97.11,28.44,27.79,97.96,32.13
10/22/2015 16:00:00,99.67,28.88,28.2,97.32,32.59
10/23/2015 16:00:00,102.19,29.77,29.95,100.04,35.1
10/26/2015 16:00:00,103.77,28.82,30.43,103.04,35.64
10/27/2015 16:00:00,103.7,28.64,30.55,103.07,35.42
10/28/2015 16:00:00,104.2,29.82,30.86,105.8,35.65
10/29/2015 16:00:00,104.88,30.13,31.33,105.12,35.85
10/30/2015 16:00:00,101.97,29.88,31.3,108.38,35.54
11/2/2015 16:00:00,103.31,30.3,31.42,107.64,36.06
11/3/2015 16:00:00,102.58,30.64,31.27,109.74,36.11
11/4/2015 16:00:00,103.94,30.5,32.05,114.05,36.41
11/5/2015 16:00:00,108.76,30.23,32.78,113.5,36.56
11/6/2015 16:00:00,107.1,30.27,32.97,114.06,36.69
11/9/2015 16:00:00,106.49,30.14,32.77,109.86,36.24
11/10/2015 16:00:00,107.91,29.19,32.98,112.7,36.42
11/11/2015 16:00:00,109.01,29.03,33.66,112.86,36.77
11/12/2015 16:00:00,108.02,28.93,33.28,108.92,36.56
11/13/2015 16:00:00,103.95,28.09,32.12,103.65,35.85
11/16/2015 16:00:00,104.04,28.54,32.39,111.35,36.45
11/17/2015 16:00:00,105.13,28.42,32.17,117.1,36.27
11/18/2015 16:00:00,107.77,29.32,33.18,120.63,37
11/19/2015 16:00:00,106.26,29.7,33.06,120.22,36.92
11/20/2015 16:00:00,107.32,29.83,33.42,123.84,37.83
11/23/2015 16:00:00,106.95,29.44,33.95,125.03,37.8
11/24/2015 16:00:00,105.74,29.72,33.56,123.31,37.41
11/25/2015 16:00:00,105.41,29.51,33.77,124.16,37.41
11/27/2015 16:00:00,105.45,29.45,33.66,125.44,37.51
11/30/2015 16:00:00,104.24,29.58,33.24,123.33,37.13
12/1/2015 16:00:00,107.12,29.34,33.95,125.37,38.35
12/2/2015 16:00:00,106.07,29.07,33.8,128.93,38.12
12/3/2015 16:00:00,104.38,28.8,33.31,126.81,37.63
12/4/2015 16:00:00,106.18,29.76,33.63,130.93,38.34
12/7/2015 16:00:00,105.61,29.57,33.49,125.36,38.16
12/8/2015 16:00:00,106.49,29.56,33.87,126.98,38.12
12/9/2015 16:00:00,104.6,28.91,33.24,124.2,37.58
12/10/2015 16:00:00,105.42,29.04,33.12,122.91,37.47
12/11/2015 16:00:00,102.12,28.3,32.01,118.91,36.94
12/14/2015 16:00:00,104.66,28.12,32.9,120.67,37.39
12/15/2015 16:00:00,104.55,27.62,32.93,118.6,37.17
12/16/2015 16:00:00,106.79,27.84,33.79,122.64,37.9
12/17/2015 16:00:00,106.22,27.25,33.53,122.51,37.47
12/18/2015 16:00:00,104.04,26.51,33.21,118.02,36.97
12/21/2015 16:00:00,104.77,26.83,33.23,116.63,37.39
12/22/2015 16:00:00,105.51,26.81,33.16,116.24,37.5
12/23/2015 16:00:00,104.63,27.15,33.19,118.16,37.52
12/24/2015 16:00:00,105.02,27.01,33.14,117.33,37.42
12/28/2015 16:00:00,105.93,26.71,33.76,117.11,38.13
12/29/2015 16:00:00,107.26,27.19,34.7,119.12,38.83
12/30/2015 16:00:00,106.22,26.83,34.45,116.71,38.55
12/31/2015 16:00:00,104.66,26.32,33.79,114.38,37.94
1/4/2016 16:00:00,102.22,26.34,31.85,109.96,37.09
1/5/2016 16:00:00,102.73,25.68,31.69,107.66,37.13
1/6/2016 16:00:00,102.97,25.18,31.63,117.68,37.18
1/7/2016 16:00:00,97.92,24.11,30.4,114.56,36.32
1/8/2016 16:00:00,97.33,24.24,30.35,111.39,35.72
1/11/2016 16:00:00,97.51,24.63,30.89,114.97,35.8
1/12/2016 16:00:00,99.37,24.99,30.89,116.58,36.3
1/13/2016 16:00:00,95.44,24.35,29.09,106.56,35.03
1/14/2016 16:00:00,98.37,24.88,29.65,107.06,35.74
1/15/2016 16:00:00,94.97,24.28,28.51,104.04,34.72
1/19/2016 16:00:00,95.26,24.17,28.72,107.89,35.09
1/20/2016 16:00:00,94.35,24.2,28.59,107.74,34.92
1/21/2016 16:00:00,94.16,24.08,28.75,102.35,35.33
1/22/2016 16:00:00,97.94,25.36,29.82,100.72,36.26
1/25/2016 16:00:00,97.01,24.86,29.83,99.12,35.58
1/26/2016 16:00:00,97.34,25,30.06,97.83,35.65
1/27/2016 16:00:00,94.45,23.36,29.17,91.15,35
1/28/2016 16:00:00,109.11,23.52,31.77,94.41,36.55
1/29/2016 16:00:00,112.21,24.34,29.35,91.84,37.15
2/1/2016 16:00:00,115.09,24.11,28.74,94.09,37.6
2/2/2016 16:00:00,114.61,23.62,27.61,91.49,38.23
2/3/2016 16:00:00,112.69,24.09,26.55,90.74,36.35
2/4/2016 16:00:00,110.49,24.15,26.81,89.71,35.4
2/5/2016 16:00:00,104.07,23.51,25.11,82.79,34.18
2/8/2016 16:00:00,99.75,23.75,24.41,83.32,34.14
2/9/2016 16:00:00,99.54,23.75,24.1,86.13,33.91
2/10/2016 16:00:00,101,23.57,24.52,88.45,34.21
2/11/2016 16:00:00,101.91,23.43,25.19,86.35,34.16
2/12/2016 16:00:00,102.01,23.5,25.35,87.4,34.12
2/16/2016 16:00:00,101.61,24.16,26.06,89.05,34.55
2/17/2016 16:00:00,105.2,24.53,26.71,94.76,35.42
2/18/2016 16:00:00,103.47,24.07,26.25,90.49,34.87
2/19/2016 16:00:00,104.57,24.01,26.75,89.23,35.05
2/22/2016 16:00:00,107.16,24.22,27.98,91.93,35.32
2/23/2016 16:00:00,105.46,23.67,27.65,89.12,34.79
2/24/2016 16:00:00,106.88,24.03,27.7,91.61,34.98
2/25/2016 16:00:00,108.07,24.19,27.76,94.53,35.29
2/26/2016 16:00:00,107.92,24.23,27.76,94.79,35.25
2/29/2016 16:00:00,106.92,24.17,27.63,93.41,34.89
3/1/2016 16:00:00,109.82,25.13,28.95,98.3,35.94
3/2/2016 16:00:00,109.95,25.19,29.01,97.61,35.94
3/3/2016 16:00:00,109.58,25.38,28.87,97.93,35.62
3/4/2016 16:00:00,108.39,25.75,28.76,101.58,35.54
3/7/2016 16:00:00,105.73,25.47,28.14,95.49,34.76
3/8/2016 16:00:00,105.93,25.26,28.01,96.23,34.7
3/9/2016 16:00:00,107.51,25.28,27.97,98,35.26
3/10/2016 16:00:00,107.32,25.29,27.95,97.36,35.64
3/11/2016 16:00:00,109.41,25.57,28.48,97.66,36.34
3/14/2016 16:00:00,109.89,25.63,28.67,98.13,36.52
3/15/2016 16:00:00,110.67,26.15,28.85,97.86,36.42
3/16/2016 16:00:00,112.18,26.49,28.71,99.35,36.8
3/17/2016 16:00:00,111.02,26.45,27.97,99.72,36.89
3/18/2016 16:00:00,111.45,26.48,27.6,101.12,36.88
3/21/2016 16:00:00,111.85,26.48,27.7,101.06,37.1
3/22/2016 16:00:00,112.25,26.68,28.02,99.84,37.04
3/23/2016 16:00:00,112.54,26.53,28.48,99.59,36.9
3/24/2016 16:00:00,113.05,26.42,29.15,98.36,36.77
3/28/2016 16:00:00,113.69,26.3,28.99,101.21,36.68
3/29/2016 16:00:00,116.14,26.92,29.69,104.13,37.24
3/30/2016 16:00:00,114.7,27.39,29.93,102.19,37.53
3/31/2016 16:00:00,114.1,27.25,29.68,102.23,37.25
4/1/2016 16:00:00,116.06,27.5,29.93,105.7,37.5
4/4/2016 16:00:00,112.55,27.78,29.66,104.35,37.26
4/5/2016 16:00:00,112.22,27.45,29.31,104.94,36.89
4/6/2016 16:00:00,113.71,27.74,30.1,104.83,37.28
4/7/2016 16:00:00,113.64,27.14,29.57,104.45,37.01
4/8/2016 16:00:00,110.63,27.17,29.73,103.81,36.96
4/11/2016 16:00:00,108.99,27.26,29.8,102.68,36.81
4/12/2016 16:00:00,110.61,27.61,30.16,106.98,37.15
4/13/2016 16:00:00,110.51,28.01,30.74,109.65,37.59
4/14/2016 16:00:00,110.84,28.03,31.04,110.42,37.66
4/15/2016 16:00:00,109.64,27.46,31.29,111.51,37.95
4/18/2016 16:00:00,110.45,26.87,31.77,108.4,38.33
4/19/2016 16:00:00,112.29,26.73,31.4,94.34,37.7
4/20/2016 16:00:00,112.42,26.78,31.65,96.77,37.63
4/21/2016 16:00:00,113.44,26.49,31.55,94.98,37.96
4/22/2016 16:00:00,110.56,26.42,31.03,95.9,35.94
4/25/2016 16:00:00,110.1,26.27,31.31,93.56,36.16
4/26/2016 16:00:00,108.76,26.09,30.84,92.43,35.41
4/27/2016 16:00:00,108.89,24.46,30.33,91.04,35.29
4/28/2016 16:00:00,116.73,23.71,30.1,90.28,34.55
4/29/2016 16:00:00,117.58,23.44,32.98,90.03,34.65
5/2/2016 16:00:00,118.57,23.41,34.19,93.11,34.91
5/3/2016 16:00:00,117.43,23.8,33.57,91.54,34.62
5/4/2016 16:00:00,118.06,23.55,33.55,90.79,34.78
5/5/2016 16:00:00,117.81,23.31,32.95,89.37,35.07
5/6/2016 16:00:00,119.49,23.18,33.7,90.84,35.56
5/9/2016 16:00:00,119.24,23.2,33.99,90.54,35.65
5/10/2016 16:00:00,120.5,23.36,35.15,92.89,36.16
5/11/2016 16:00:00,119.52,23.13,35.66,90.02,35.76
5/12/2016 16:00:00,120.28,22.59,35.9,87.74,35.67
5/13/2016 16:00:00,119.81,22.63,35.5,87.88,35.54
5/16/2016 16:00:00,118.67,23.47,35.53,89.12,35.82
5/17/2016 16:00:00,117.35,23.37,34.76,88.63,35.31
5/18/2016 16:00:00,117.65,23.64,34.87,90.5,35.33
5/19/2016 16:00:00,116.81,23.55,34.93,89.55,35.02
5/20/2016 16:00:00,117.35,23.81,35.14,92.49,35.49
5/23/2016 16:00:00,115.97,24.11,34.84,94.89,35.21
5/24/2016 16:00:00,117.7,24.48,35.21,97.89,36
5/25/2016 16:00:00,117.89,24.91,35.42,100.2,36.26
5/26/2016 16:00:00,119.47,25.1,35.75,102.81,36.21
5/27/2016 16:00:00,119.38,25.09,35.61,103.3,36.63
5/31/2016 16:00:00,118.81,24.97,36.14,102.57,36.79
6/1/2016 16:00:00,118.78,24.62,35.97,101.51,36.71
6/2/2016 16:00:00,118.93,24.43,36.41,101.25,36.52
6/3/2016 16:00:00,118.47,24.48,36.28,99.59,36.12
6/6/2016 16:00:00,118.79,24.66,36.34,100.74,35.83
6/7/2016 16:00:00,117.76,24.76,36.19,99.89,35.83
6/8/2016 16:00:00,118.39,24.74,36.33,97.86,36.41
6/9/2016 16:00:00,118.56,24.91,36.38,97.09,36.43
6/10/2016 16:00:00,116.62,24.71,35.9,93.75,35.97
6/13/2016 16:00:00,113.95,24.34,35.76,93.85,35.92
6/14/2016 16:00:00,114.94,24.37,35.97,94.12,35.91
6/15/2016 16:00:00,114.6,24.29,35.71,94.29,35.95
6/16/2016 16:00:00,114.39,24.39,35.88,95.44,35.52
6/17/2016 16:00:00,113.02,23.83,35.32,94.45,34.59
6/20/2016 16:00:00,113.37,23.78,35.7,93.8,34.69
6/21/2016 16:00:00,114.38,23.98,35.79,90.99,34.8
6/22/2016 16:00:00,113.91,23.89,35.53,90.01,34.87
6/23/2016 16:00:00,115.08,24.03,36.1,91.66,35.09
6/24/2016 16:00:00,112.08,23.35,34.95,88.44,33.76
6/27/2016 16:00:00,108.97,23.01,34.57,85.33,33.41
6/28/2016 16:00:00,112.7,23.4,35.4,87.97,34
6/29/2016 16:00:00,114.16,23.6,35.78,91.06,34.21
6/30/2016 16:00:00,114.28,23.9,35.78,91.48,34.6
7/1/2016 16:00:00,114.19,23.97,36.28,96.67,34.96
7/5/2016 16:00:00,114,23.75,36.41,97.91,34.72
7/6/2016 16:00:00,116.7,23.88,36.88,94.6,34.89
7/7/2016 16:00:00,115.85,23.99,36.83,95.1,34.77
7/8/2016 16:00:00,117.24,24.17,37.29,97.06,35.28
7/11/2016 16:00:00,117.87,24.25,37.69,94.67,35.75
7/12/2016 16:00:00,117.93,24.36,37.41,95.97,36.03
7/13/2016 16:00:00,116.78,24.22,37.13,96.43,35.85
7/14/2016 16:00:00,117.29,24.7,37.06,98.02,36.05
7/15/2016 16:00:00,116.86,24.7,36.77,98.39,35.99
7/18/2016 16:00:00,119.37,24.96,36.8,98.81,36.69
7/19/2016 16:00:00,120.61,24.97,37,85.84,36.85
7/20/2016 16:00:00,121.92,24.99,37.29,87.91,37.06
7/21/2016 16:00:00,120.61,24.86,37.22,85.99,36.93
7/22/2016 16:00:00,121,24.67,37.24,85.89,37.14
7/25/2016 16:00:00,121.63,24.34,36.98,87.66,36.99
7/26/2016 16:00:00,121.22,24.17,36.78,91.41,36.92
7/27/2016 16:00:00,123.34,25.74,36.83,92.04,37.09
7/28/2016 16:00:00,125,26.09,37.63,91.65,37.3
7/29/2016 16:00:00,123.94,26.05,37.94,91.25,38.44
8/1/2016 16:00:00,124.31,26.51,38.39,94.37,38.64
8/2/2016 16:00:00,123.09,26.12,38.03,93.56,38.55
8/3/2016 16:00:00,122.51,26.45,37.73,93.1,38.66
8/4/2016 16:00:00,124.36,26.47,38.04,93.44,38.58
8/5/2016 16:00:00,125.15,26.87,38.3,97.03,39.11
8/8/2016 16:00:00,125.26,27.09,38.33,95.11,39.09
8/9/2016 16:00:00,125.06,27.2,38.42,93.99,39.21
8/10/2016 16:00:00,124.88,27,38.43,93.93,39.23
8/11/2016 16:00:00,124.9,26.98,38.56,95.89,39.24
8/12/2016 16:00:00,124.88,27.05,38.63,96.59,39.16
8/15/2016 16:00:00,123.9,27.37,38.42,95.31,39.12
8/16/2016 16:00:00,123.3,27.35,38.2,95.12,38.86
8/17/2016 16:00:00,124.37,27.31,38.23,96.37,39
8/18/2016 16:00:00,123.91,27.27,38.22,96.16,38.88
8/19/2016 16:00:00,123.56,27.34,37.87,95.87,38.77
8/22/2016 16:00:00,124.15,27.13,37.97,95.26,38.61
8/23/2016 16:00:00,124.37,27.21,38.12,95.94,38.6
8/24/2016 16:00:00,123.48,27.01,37.86,95.18,38.48
8/25/2016 16:00:00,123.89,26.89,37.96,97.32,38.47
8/26/2016 16:00:00,124.96,26.74,38.45,97.58,38.48
8/29/2016 16:00:00,126.54,26.71,38.56,97.3,38.61
8/30/2016 16:00:00,125.84,26.5,38.38,97.45,38.45
8/31/2016 16:00:00,126.12,26.53,38.46,97.45,38.35
9/1/2016 16:00:00,126.17,26.68,38.53,97.38,38.44
9/2/2016 16:00:00,126.51,26.93,38.62,97.38,38.57
9/6/2016 16:00:00,129.73,26.93,39.44,100.09,39
9/7/2016 16:00:00,131.05,27.09,39.22,99.15,39.02
9/8/2016 16:00:00,130.27,26.38,39.2,99.66,38.77
9/9/2016 16:00:00,127.1,25.78,38.01,96.5,37.98
9/12/2016 16:00:00,128.69,26.36,38.57,99.05,38.45
9/13/2016 16:00:00,127.21,26.99,38.05,96.09,37.98
9/14/2016 16:00:00,127.77,27.94,38.05,97.01,38.12
9/15/2016 16:00:00,128.35,28.89,38.48,97.34,38.59
9/16/2016 16:00:00,129.07,28.73,38.93,99.48,38.44
9/19/2016 16:00:00,128.65,28.4,38.76,98.06,38.28
9/20/2016 16:00:00,128.64,28.39,39.01,98.25,38.57
9/21/2016 16:00:00,129.94,28.39,39.49,94.88,38.81
9/22/2016 16:00:00,130.08,28.66,40.24,95.83,39.36
9/23/2016 16:00:00,127.96,28.18,40.29,95.94,39.35
9/26/2016 16:00:00,127.31,28.22,39.96,94.56,38.71
9/27/2016 16:00:00,128.69,28.27,40.81,97.07,39.15
9/28/2016 16:00:00,129.23,28.49,41.44,97.48,39.08
9/29/2016 16:00:00,128.09,28.05,41.45,96.67,38.75
9/30/2016 16:00:00,128.27,28.26,41.87,98.55,38.86
10/3/2016 16:00:00,128.77,28.13,41.84,102.63,38.63
10/4/2016 16:00:00,128.19,28.25,41.7,102.34,38.82
10/5/2016 16:00:00,128.47,28.26,42.22,106.28,38.82
10/6/2016 16:00:00,128.74,28.47,42.08,105.07,38.84
10/7/2016 16:00:00,128.99,28.52,41.97,104.82,38.75
10/10/2016 16:00:00,130.24,29.01,42.09,103.33,39.3
10/11/2016 16:00:00,128.88,29.08,41.55,100.59,39.15
10/12/2016 16:00:00,129.05,29.34,41.7,99.5,39.31
10/13/2016 16:00:00,127.82,29.25,41.46,100.23,38.91
10/14/2016 16:00:00,127.88,29.41,41.15,101.47,38.93
10/17/2016 16:00:00,127.54,29.39,40.65,99.8,39
10/18/2016 16:00:00,128.57,29.37,40.88,118.79,39.76
10/19/2016 16:00:00,130.11,29.28,40.88,121.87,40.08
10/20/2016 16:00:00,130,29.27,40.52,123.35,39.85
10/21/2016 16:00:00,132.07,29.15,40.95,127.5,39.97
10/24/2016 16:00:00,133.28,29.41,41.9,127.33,40.66
10/25/2016 16:00:00,132.29,29.56,41.76,126.51,40.38
10/26/2016 16:00:00,131.04,28.9,41.13,126.97,39.95
10/27/2016 16:00:00,129.69,28.62,40.92,126.47,39.77
10/28/2016 16:00:00,131.29,28.43,38.82,126.57,39.77
10/31/2016 16:00:00,130.99,28.39,39.49,124.87,39.23
11/1/2016 16:00:00,129.5,27.87,39.27,123.3,39.18
11/2/2016 16:00:00,127.17,27.9,38.28,122.34,38.44
11/3/2016 16:00:00,120,27.46,38.35,122.14,38.11
11/4/2016 16:00:00,120.75,27.21,37.75,122.03,38.1
11/7/2016 16:00:00,122.15,27.6,39.25,124.58,39.13
11/8/2016 16:00:00,124.22,27.77,39.39,124.34,39.53
11/9/2016 16:00:00,123.18,27.72,38.59,122.19,39.27
11/10/2016 16:00:00,120.8,26.95,37.12,115.42,38.13
11/11/2016 16:00:00,119.02,27.11,36.95,114.78,37.7
11/14/2016 16:00:00,115.08,26.43,35.95,113.38,36.8
11/15/2016 16:00:00,117.2,26.78,37.16,113.59,37.92
11/16/2016 16:00:00,116.34,27.5,37.32,115.19,38.22
11/17/2016 16:00:00,117.79,27.49,37.82,115.03,38.56
11/18/2016 16:00:00,117.02,27.52,38.01,115.21,38.03
11/21/2016 16:00:00,121.77,27.93,39,117.96,38.46
11/22/2016 16:00:00,121.47,27.95,39.27,118.04,38.41
11/23/2016 16:00:00,120.84,27.81,39.01,117.69,38.05
11/25/2016 16:00:00,120.38,27.95,39.02,117.41,38.08
11/28/2016 16:00:00,120.41,27.89,38.34,116.93,38.41
11/29/2016 16:00:00,120.87,27.87,38.13,117.51,38.54
11/30/2016 16:00:00,118.42,27.63,37.53,117,37.9
12/1/2016 16:00:00,115.1,27.37,37.18,117.22,37.4
12/2/2016 16:00:00,115.4,27.48,37.02,120.81,37.53
12/5/2016 16:00:00,117.43,27.28,37.97,119.16,38.13
12/6/2016 16:00:00,117.31,27.49,38.24,124.57,37.96
12/7/2016 16:00:00,117.95,27.76,38.52,125.39,38.56
12/8/2016 16:00:00,118.91,28.03,38.37,123.24,38.82
12/9/2016 16:00:00,119.68,28.49,38.43,122.88,39.46
12/12/2016 16:00:00,117.77,28.33,38.01,122.83,39.46
12/13/2016 16:00:00,120.31,28.8,38.72,123.78,39.81
12/14/2016 16:00:00,120.21,28.8,38.44,123.44,39.85
12/15/2016 16:00:00,120.57,28.96,38.05,125,39.89
12/16/2016 16:00:00,119.87,28.99,37.89,124.22,39.54
12/19/2016 16:00:00,119.24,29.16,38.3,125.45,39.71
12/20/2016 16:00:00,119.09,29.24,38.56,125.12,39.82
12/21/2016 16:00:00,119.04,29.27,38.53,126.5,39.73
12/22/2016 16:00:00,117.4,29.07,38.32,125.58,39.56
12/23/2016 16:00:00,117.27,29.13,38.03,125.59,39.5
12/27/2016 16:00:00,118.01,29.32,38.57,128.35,39.58
12/28/2016 16:00:00,116.92,29.19,38.61,125.89,39.25
12/29/2016 16:00:00,116.35,29.18,38.26,125.33,39.14
12/30/2016 16:00:00,115.05,28.96,37.49,123.8,38.59
1/3/2017 16:00:00,116.86,29.04,37.68,127.49,39.31
1/4/2017 16:00:00,118.69,29.01,37.86,129.41,39.35
1/5/2017 16:00:00,120.67,29.15,39.02,131.81,39.7
1/6/2017 16:00:00,123.41,29.48,39.8,131.07,40.31
1/9/2017 16:00:00,124.9,29.75,39.85,130.95,40.33
1/10/2017 16:00:00,124.35,29.78,39.8,129.89,40.24
1/11/2017 16:00:00,126.09,29.94,39.95,130.5,40.4
1/12/2017 16:00:00,126.62,29.81,40.68,129.18,40.32
1/13/2017 16:00:00,128.34,29.76,40.86,133.7,40.39
1/17/2017 16:00:00,127.87,30,40.49,132.89,40.23
1/18/2017 16:00:00,127.92,30,40.37,133.26,40.3
1/19/2017 16:00:00,127.55,29.95,40.45,138.41,40.11
1/20/2017 16:00:00,127.04,30,40.42,138.6,40.25
1/23/2017 16:00:00,128.93,30.02,40.89,137.39,40.97
1/24/2017 16:00:00,129.37,29.99,41.12,140.11,41.19
1/25/2017 16:00:00,131.48,30.47,41.83,139.52,41.78
1/26/2017 16:00:00,132.78,30.49,41.96,138.96,41.61
1/27/2017 16:00:00,132.18,30.49,41.79,142.45,41.17
1/30/2017 16:00:00,130.98,30.41,41.52,141.22,40.12
1/31/2017 16:00:00,130.32,30.34,41.17,140.71,39.84
2/1/2017 16:00:00,133.23,32.19,41.62,140.78,39.78
2/2/2017 16:00:00,130.84,32.13,42,139.2,39.93
2/3/2017 16:00:00,130.98,32.27,40.51,140.25,40.07
2/6/2017 16:00:00,132.06,32.57,40.38,140.97,40.07
2/7/2017 16:00:00,131.84,32.88,40.63,144,40.35
2/8/2017 16:00:00,134.2,33.01,40.99,144.74,40.42
2/9/2017 16:00:00,134.14,33.1,41.07,144.14,40.48
2/10/2017 16:00:00,134.19,33.03,41.37,144.82,40.68
2/13/2017 16:00:00,134.05,33.32,41.83,143.2,40.96
2/14/2017 16:00:00,133.85,33.76,41.82,140.82,41.02
2/15/2017 16:00:00,133.44,33.88,42.14,142.27,40.95
2/16/2017 16:00:00,133.84,33.84,42.21,142.01,41.21
2/17/2017 16:00:00,133.53,33.93,42.25,142.22,41.4
2/21/2017 16:00:00,133.72,34.17,42.82,142.6,41.58
2/22/2017 16:00:00,136.12,34.28,42.78,143.86,41.54
2/23/2017 16:00:00,135.36,34.13,42.61,142.78,41.57
2/24/2017 16:00:00,135.44,34.17,42.26,143.25,41.43
2/27/2017 16:00:00,136.41,34.23,42.43,143.41,41.46
2/28/2017 16:00:00,135.54,34.25,42.25,142.13,41.16
3/1/2017 16:00:00,137.42,34.95,42.65,142.65,41.76
3/2/2017 16:00:00,136.76,34.74,42.45,139.53,41.53
3/3/2017 16:00:00,137.17,34.95,42.49,139.14,41.45
3/6/2017 16:00:00,137.42,34.84,42.33,141.94,41.39
3/7/2017 16:00:00,137.3,34.88,42.3,141.43,41.6
3/8/2017 16:00:00,137.72,34.75,42.53,140.32,41.77
3/9/2017 16:00:00,138.24,34.67,42.65,140.53,41.93
3/10/2017 16:00:00,138.79,34.78,42.62,140.89,42.16
3/13/2017 16:00:00,139.6,34.8,42.73,143.52,42.28
3/14/2017 16:00:00,139.32,34.75,42.63,143.19,42.28
3/15/2017 16:00:00,139.72,35.12,42.65,145.25,42.36
3/16/2017 16:00:00,139.99,35.17,42.67,144.39,42.44
3/17/2017 16:00:00,139.84,35,42.62,145.11,42.61
3/20/2017 16:00:00,139.94,35.37,42.85,145.83,42.42
3/21/2017 16:00:00,138.51,34.96,42.16,142.42,41.52
3/22/2017 16:00:00,139.59,35.35,42.4,142.65,41.48
3/23/2017 16:00:00,139.53,35.23,42.37,141.84,40.88
3/24/2017 16:00:00,140.34,35.16,42.28,142.02,40.72
3/27/2017 16:00:00,140.32,35.22,42.34,144.06,40.98
3/28/2017 16:00:00,141.76,35.95,42.8,145.17,41.05
3/29/2017 16:00:00,142.65,36.03,43.72,146.47,41.57
3/30/2017 16:00:00,142.41,35.98,43.82,148.06,41.58
3/31/2017 16:00:00,142.05,35.92,44.33,147.81,41.48
4/3/2017 16:00:00,142.28,35.92,44.58,146.92,41.93
4/4/2017 16:00:00,141.73,36.19,45.34,145.5,41.73
4/5/2017 16:00:00,141.85,36.01,45.46,143.62,41.57
4/6/2017 16:00:00,141.17,35.92,44.91,143.74,41.39
4/7/2017 16:00:00,140.78,35.84,44.74,143.11,41.23
4/10/2017 16:00:00,141.04,35.79,45.35,143.85,41.24
4/11/2017 16:00:00,139.92,35.41,45.12,144.35,41.17
4/12/2017 16:00:00,139.58,35.45,44.81,143.83,41.22
4/13/2017 16:00:00,139.39,35.26,44.23,142.92,41.18
4/17/2017 16:00:00,141.42,35.46,45.1,147.25,41.86
4/18/2017 16:00:00,140.96,35.3,45.19,143.36,41.84
4/19/2017 16:00:00,142.27,35.17,44.96,139.76,41.91
4/20/2017 16:00:00,143.8,35.61,45.1,141.18,42.08
4/21/2017 16:00:00,143.68,35.57,44.93,142.87,42.16
4/24/2017 16:00:00,145.47,35.91,45.37,143.83,43.14
4/25/2017 16:00:00,146.49,36.13,45.38,152.16,43.62
4/26/2017 16:00:00,146.56,35.92,45.46,150.17,43.59
4/27/2017 16:00:00,147.7,35.95,45.92,153.08,43.71
4/28/2017 16:00:00,150.25,35.91,46.25,152.2,45.3
5/1/2017 16:00:00,152.46,36.65,47.41,155.35,45.63
5/2/2017 16:00:00,152.78,36.88,47.35,156.45,45.82
5/3/2017 16:00:00,151.8,36.77,47.05,155.59,46.35
5/4/2017 16:00:00,150.85,36.63,46.88,157.25,46.58
5/5/2017 16:00:00,150.24,37.24,46.71,156.6,46.36
5/8/2017 16:00:00,151.06,38.25,47.45,156.38,46.72
5/9/2017 16:00:00,150.48,38.5,47.64,157.46,46.61
5/10/2017 16:00:00,150.29,38.32,47.45,160.28,46.44
5/11/2017 16:00:00,150.04,38.49,47.38,158.54,46.53
5/12/2017 16:00:00,150.33,39.03,48.07,160.81,46.61
5/15/2017 16:00:00,150.19,38.92,47.9,160.02,46.85
5/16/2017 16:00:00,149.78,38.87,48.3,159.41,47.15
5/17/2017 16:00:00,144.85,37.56,47.24,153.2,45.98
5/18/2017 16:00:00,147.66,38.14,47.92,155.7,46.51
5/19/2017 16:00:00,148.06,38.27,47.99,157.02,46.7
5/22/2017 16:00:00,148.24,38.5,48.53,157.16,47.09
5/23/2017 16:00:00,148.07,38.45,48.58,157.95,47.44
5/24/2017 16:00:00,150.04,38.34,49.02,157.75,47.75
5/25/2017 16:00:00,151.96,38.47,49.67,163.05,48.48
5/26/2017 16:00:00,152.13,38.4,49.79,162.43,48.57
5/30/2017 16:00:00,152.38,38.42,49.84,163.22,48.79
5/31/2017 16:00:00,151.46,38.19,49.73,163.07,48.24
6/1/2017 16:00:00,151.53,38.3,49.8,162.99,48.35
6/2/2017 16:00:00,153.61,38.86,50.34,165.18,48.78
6/5/2017 16:00:00,153.63,38.48,50.57,165.06,49.18
6/6/2017 16:00:00,152.81,38.61,50.15,165.17,48.83
6/7/2017 16:00:00,153.12,38.84,50.5,165.61,49.05
6/8/2017 16:00:00,154.71,38.75,50.51,165.88,49.17
6/9/2017 16:00:00,149.6,37.24,48.92,158.03,47.49
6/12/2017 16:00:00,148.44,36.35,48.25,151.44,47.15
6/13/2017 16:00:00,150.68,36.65,49.04,152.72,47.67
6/14/2017 16:00:00,150.25,36.29,48.82,152.2,47.54
6/15/2017 16:00:00,149.8,36.07,48.21,151.76,47.12
6/16/2017 16:00:00,150.64,35.57,49.39,152.38,46.99
6/19/2017 16:00:00,152.87,36.59,49.76,153.4,47.87
6/20/2017 16:00:00,152.25,36.25,49.63,152.05,47.53
6/21/2017 16:00:00,153.91,36.47,50.11,155.03,47.97
6/22/2017 16:00:00,153.4,36.41,50.07,154.89,47.85
6/23/2017 16:00:00,155.07,36.57,50.19,158.02,48.28
6/26/2017 16:00:00,153.59,36.46,49.7,157.5,47.61
6/27/2017 16:00:00,150.58,35.93,48.84,151.03,46.37
6/28/2017 16:00:00,153.24,36.46,49.52,153.41,47.02
6/29/2017 16:00:00,151.04,35.92,48.8,150.09,45.89
6/30/2017 16:00:00,150.98,36.01,48.4,149.41,45.44
7/3/2017 16:00:00,148.43,35.88,47.68,146.17,44.94
7/5/2017 16:00:00,150.34,36.02,48.57,147.61,45.59
7/6/2017 16:00:00,148.82,35.68,48.26,146.25,45.33
7/7/2017 16:00:00,151.44,36.05,48.94,150.18,45.93
7/10/2017 16:00:00,153.5,36.27,49.82,152.67,46.44
7/11/2017 16:00:00,155.27,36.38,49.71,154.33,46.5
7/12/2017 16:00:00,158.9,36.44,50.33,158.75,47.19
7/13/2017 16:00:00,159.26,36.94,50.03,158.21,47.36
7/14/2017 16:00:00,159.97,37.26,50.09,161.12,47.8
7/17/2017 16:00:00,159.73,37.39,50.5,161.7,47.67
7/18/2017 16:00:00,162.86,37.52,51.22,183.6,48.27
7/19/2017 16:00:00,164.14,37.76,51.34,183.86,48.54
7/20/2017 16:00:00,164.53,37.59,51.44,183.6,48.41
7/21/2017 16:00:00,164.43,37.57,51.28,188.54,48.65
7/24/2017 16:00:00,166,38.02,51.95,187.91,49.02
7/25/2017 16:00:00,165.28,38.19,51.99,186.97,47.54
7/26/2017 16:00:00,165.61,38.37,52.64,189.08,47.39
7/27/2017 16:00:00,170.44,37.64,52.3,182.68,46.7
7/28/2017 16:00:00,172.45,37.38,51,184.04,47.08
7/31/2017 16:00:00,169.25,37.18,49.39,181.66,46.53
8/1/2017 16:00:00,169.86,37.51,49.81,182.03,46.54
8/2/2017 16:00:00,169.3,39.28,49.79,180.74,46.52
8/3/2017 16:00:00,168.59,38.89,49.35,179.23,46.18
8/4/2017 16:00:00,169.62,39.1,49.38,180.27,46.4
8/7/2017 16:00:00,171.98,39.7,49.61,181.33,46.47
8/8/2017 16:00:00,171.23,40.02,49.49,178.36,46.34
8/9/2017 16:00:00,171.18,40.27,49.1,175.78,46.15
8/10/2017 16:00:00,167.4,38.83,47.85,169.14,45.36
8/11/2017 16:00:00,168.08,39.37,48.4,171.4,45.72
8/14/2017 16:00:00,170.75,39.96,49.17,171,46.13
8/15/2017 16:00:00,171,40.4,49.14,168.5,46.11
8/16/2017 16:00:00,170,40.24,48.91,169.98,46.35
8/17/2017 16:00:00,166.91,39.47,48.03,166.09,45.55
8/18/2017 16:00:00,167.41,39.38,47.92,166.54,45.53
8/21/2017 16:00:00,167.78,39.3,47.66,166.76,45.33
8/22/2017 16:00:00,169.64,39.95,48.35,169.34,46.23
8/23/2017 16:00:00,168.71,39.99,47.9,169.06,46.35
8/24/2017 16:00:00,167.74,39.82,47.62,168.13,46.06
8/25/2017 16:00:00,166.32,39.97,47.26,165.95,45.79
8/28/2017 16:00:00,167.24,40.37,47.3,167.12,45.69
8/29/2017 16:00:00,168.05,40.73,47.7,168.81,46.06
8/30/2017 16:00:00,169.92,40.84,48.38,174.69,46.48
8/31/2017 16:00:00,171.97,41,49.03,174.71,46.97
9/1/2017 16:00:00,172.02,41.01,48.91,174.74,46.87
9/5/2017 16:00:00,170.72,40.52,48.26,174.52,46.42
9/6/2017 16:00:00,172.09,40.48,48.39,179.25,46.39
9/7/2017 16:00:00,173.21,40.32,48.97,179,46.8
9/8/2017 16:00:00,170.95,39.66,48.3,176.42,46.33
9/11/2017 16:00:00,173.51,40.38,48.9,181.74,46.45
9/12/2017 16:00:00,172.96,40.22,49.13,185.15,46.6
9/13/2017 16:00:00,173.05,39.91,49.98,183.64,46.75
9/14/2017 16:00:00,170.96,39.57,49.61,182.63,46.26
9/15/2017 16:00:00,171.64,39.97,49.34,182.35,46.01
9/18/2017 16:00:00,170.01,39.67,48.71,184.62,45.75
9/19/2017 16:00:00,172.52,39.68,48.49,185.68,46.09
9/20/2017 16:00:00,172.17,39.02,48.66,185.51,46.58
9/21/2017 16:00:00,171.11,38.35,48.23,188.78,46.62
9/22/2017 16:00:00,170.54,37.97,47.76,187.35,46.43
9/25/2017 16:00:00,162.87,37.64,46.99,178.55,46.05
9/26/2017 16:00:00,164.21,38.28,46.93,179.38,46.24
9/27/2017 16:00:00,167.68,38.56,47.54,181.97,47.22
9/28/2017 16:00:00,168.73,38.32,47.82,180.7,47.48
9/29/2017 16:00:00,170.87,38.53,48.07,181.35,47.96
10/2/2017 16:00:00,169.47,38.45,47.96,177.01,47.66
10/3/2017 16:00:00,169.96,38.62,47.86,179.19,47.89
10/4/2017 16:00:00,168.42,38.37,48.27,184.45,47.58
10/5/2017 16:00:00,171.24,38.85,49.04,194.39,48.5
10/6/2017 16:00:00,172.23,38.83,49.48,198.02,48.94
10/9/2017 16:00:00,172.5,38.96,49.55,196.87,48.85
10/10/2017 16:00:00,171.59,38.98,49.36,195.08,48.63
10/11/2017 16:00:00,172.74,39.14,49.75,194.95,49.46
10/12/2017 16:00:00,172.55,39,50.05,195.86,49.39
10/13/2017 16:00:00,173.74,39.25,50.15,199.49,49.48
10/16/2017 16:00:00,174.52,39.97,50.32,202.68,49.6
10/17/2017 16:00:00,176.11,40.12,50.46,199.48,49.61
10/18/2017 16:00:00,176.03,39.94,49.85,195.54,49.64
10/19/2017 16:00:00,174.56,38.99,49.33,195.13,49.22
10/20/2017 16:00:00,174.98,39.06,49.15,194.16,49.41
10/23/2017 16:00:00,171.27,39.04,48.32,192.47,48.42
10/24/2017 16:00:00,171.8,39.28,48.8,196.02,48.53
10/25/2017 16:00:00,170.6,39.1,48.65,193.77,48.67
10/26/2017 16:00:00,170.63,39.35,48.62,195.21,48.63
10/27/2017 16:00:00,177.88,40.76,55.05,199.54,50.96
10/30/2017 16:00:00,179.87,41.68,55.54,198.37,50.86
10/31/2017 16:00:00,180.06,42.26,55.26,196.43,50.83
11/1/2017 16:00:00,182.66,41.72,55.18,198,51.28
11/2/2017 16:00:00,178.92,42.03,54.71,199.32,51.28
11/3/2017 16:00:00,178.92,43.13,55.58,200.01,51.62
11/6/2017 16:00:00,180.17,43.56,56.03,200.13,51.3
11/7/2017 16:00:00,180.25,43.7,56.16,195.89,51.67
11/8/2017 16:00:00,179.56,44.06,56.64,196.44,51.99
11/9/2017 16:00:00,179.3,43.97,56.46,193.9,51.56
11/10/2017 16:00:00,178.46,43.67,56.27,192.02,51.4
11/13/2017 16:00:00,178.77,43.49,56.46,195.08,51.29
11/14/2017 16:00:00,178.07,42.84,56.84,195.71,51.3
11/15/2017 16:00:00,177.95,42.27,56.33,192.12,51.05
11/16/2017 16:00:00,179.59,42.78,56.86,195.51,51.63
11/17/2017 16:00:00,179,42.54,56.49,193.2,50.95
11/20/2017 16:00:00,178.74,42.5,56.32,194.1,50.92
11/21/2017 16:00:00,181.86,43.29,56.97,196.23,51.72
11/22/2017 16:00:00,180.87,43.74,57.81,196.32,51.8
11/24/2017 13:00:00,182.78,43.74,59.3,195.75,52.03
11/27/2017 16:00:00,183.03,43.52,59.79,195.05,52.71
11/28/2017 16:00:00,182.42,43.27,59.68,199.18,52.37
11/29/2017 16:00:00,175.13,42.37,58.06,188.15,51.08
11/30/2017 16:00:00,177.18,42.96,58.84,187.58,51.07
12/1/2017 16:00:00,175.1,42.76,58.12,186.82,50.51
12/4/2017 16:00:00,171.47,42.45,56.7,184.04,49.93
12/5/2017 16:00:00,172.83,42.41,57.08,184.21,50.26
12/6/2017 16:00:00,176.06,42.25,57.62,185.3,50.92
12/7/2017 16:00:00,180.14,42.33,57.99,185.2,51.55
12/8/2017 16:00:00,179,42.34,58.1,188.54,51.85
12/11/2017 16:00:00,179.04,43.17,58.45,186.22,52.06
12/12/2017 16:00:00,176.96,42.93,58.25,185.73,52.02
12/13/2017 16:00:00,178.3,43.07,58.21,187.86,52.03
12/14/2017 16:00:00,178.39,43.06,58.71,189.56,52.46
12/15/2017 16:00:00,180.18,43.49,58.96,190.12,53.21
12/18/2017 16:00:00,180.82,44.11,59.53,190.42,53.86
12/19/2017 16:00:00,179.51,43.64,59.37,187.02,53.53
12/20/2017 16:00:00,177.89,43.59,58.88,188.82,53.25
12/21/2017 16:00:00,177.45,43.75,58.74,188.62,53.18
12/22/2017 16:00:00,177.2,43.75,58.42,189.94,53.01
12/26/2017 16:00:00,175.99,42.64,58.84,187.76,52.84
12/27/2017 16:00:00,177.62,42.65,59.11,186.24,52.47
12/28/2017 16:00:00,177.92,42.77,59.31,192.71,52.41
12/29/2017 16:00:00,176.46,42.31,58.47,191.96,52.32
1/2/2018 16:00:00,181.42,43.07,59.45,201.07,53.25
1/3/2018 16:00:00,184.67,43.06,60.21,205.05,54.12
1/4/2018 16:00:00,184.33,43.26,60.48,205.63,54.32
1/5/2018 16:00:00,186.85,43.75,61.46,209.99,55.11
1/8/2018 16:00:00,188.28,43.59,62.34,212.05,55.35
1/9/2018 16:00:00,187.87,43.58,62.64,209.31,55.31
1/10/2018 16:00:00,187.84,43.57,62.72,212.52,55.13
1/11/2018 16:00:00,187.77,43.82,63.83,217.24,55.28
1/12/2018 16:00:00,179.37,44.27,65.26,221.23,56.11
1/16/2018 16:00:00,178.39,44.05,65.24,221.53,56.09
1/17/2018 16:00:00,177.6,44.78,64.75,217.5,56.6
1/18/2018 16:00:00,179.8,44.82,64.67,220.33,56.49
1/19/2018 16:00:00,181.29,44.62,64.73,220.46,56.88
1/22/2018 16:00:00,185.37,44.25,66.37,227.58,57.79
1/23/2018 16:00:00,189.35,44.26,68.13,250.29,58.5
1/24/2018 16:00:00,186.55,43.56,67.88,261.3,58.21
1/25/2018 16:00:00,187.48,42.78,68.9,269.7,58.52
1/26/2018 16:00:00,190,42.88,70.1,274.6,58.79
1/29/2018 16:00:00,185.98,41.99,70.88,284.59,58.78
1/30/2018 16:00:00,187.12,41.74,71.89,278.8,58.18
1/31/2018 16:00:00,186.89,41.86,72.54,270.3,58.5
2/1/2018 16:00:00,193.09,41.95,69.5,265.07,58.39
2/2/2018 16:00:00,190.28,40.13,71.5,267.43,55.6
2/5/2018 16:00:00,181.26,39.12,69.5,254.26,52.79
2/6/2018 16:00:00,185.31,40.76,72.14,265.72,54.03
2/7/2018 16:00:00,180.18,39.89,70.84,264.56,52.43
2/8/2018 16:00:00,171.58,38.79,67.53,250.1,50.08
2/9/2018 16:00:00,176.11,39.1,66.98,249.47,51.89
2/12/2018 16:00:00,176.41,40.68,69.31,257.95,52.6
2/13/2018 16:00:00,173.15,41.09,70.73,258.27,52.61
2/14/2018 16:00:00,179.52,41.84,72.55,266,53.49
2/15/2018 16:00:00,179.96,43.25,73.09,280.27,54.48
2/16/2018 16:00:00,177.36,43.11,72.43,278.52,54.74
2/20/2018 16:00:00,176.01,42.96,73.42,278.55,55.12
2/21/2018 16:00:00,177.91,42.77,74.15,281.04,55.57
2/22/2018 16:00:00,178.99,43.13,74.27,278.14,55.33
2/23/2018 16:00:00,183.29,43.88,75,285.93,56.34
2/26/2018 16:00:00,184.93,44.74,76.1,294.16,57.19
2/27/2018 16:00:00,181.46,44.6,75.6,290.61,55.91
2/28/2018 16:00:00,178.32,44.53,75.62,291.38,55.24
3/1/2018 16:00:00,175.94,43.75,74.67,290.39,53.48
3/2/2018 16:00:00,176.62,44.05,75.01,301.05,53.95
3/5/2018 16:00:00,180.4,44.21,76.18,315,54.55
3/6/2018 16:00:00,179.78,44.17,76.88,325.22,54.75
3/7/2018 16:00:00,183.71,43.76,77.25,321.16,55.48
3/8/2018 16:00:00,182.34,44.24,77.59,317,56.3
3/9/2018 16:00:00,185.23,45,78.94,331.44,58
3/12/2018 16:00:00,184.76,45.43,79.92,321.3,58.23
3/13/2018 16:00:00,181.88,44.99,79.41,315.88,56.91
3/14/2018 16:00:00,184.19,44.61,79.55,321.55,57.47
3/15/2018 16:00:00,183.86,44.66,79.12,321.09,57.48
3/16/2018 16:00:00,185.09,44.51,78.58,318.45,56.79
3/19/2018 16:00:00,172.56,43.83,77.25,313.48,54.99
3/20/2018 16:00:00,168.15,43.81,79.33,317.5,54.89
3/21/2018 16:00:00,169.39,42.82,79.09,316.48,54.54
3/22/2018 16:00:00,164.89,42.21,77.25,306.7,52.45
3/23/2018 16:00:00,159.39,41.24,74.78,300.94,51.08
3/26/2018 16:00:00,160.06,43.19,77.79,320.35,52.66
3/27/2018 16:00:00,152.22,42.09,74.85,300.69,50.26
3/28/2018 16:00:00,153.03,41.62,71.57,285.77,50.23
3/29/2018 16:00:00,159.79,41.95,72.37,295.35,51.59
4/2/2018 16:00:00,155.39,41.67,68.6,280.29,50.32
4/3/2018 16:00:00,156.11,42.1,69.6,283.67,50.67
4/4/2018 16:00:00,155.1,42.9,70.53,288.94,51.26
4/5/2018 16:00:00,159.34,43.2,72.59,293.97,51.39
4/6/2018 16:00:00,157.2,42.1,70.26,288.85,50.35
4/9/2018 16:00:00,157.93,42.51,70.3,289.93,50.77
4/10/2018 16:00:00,165.04,43.31,71.81,298.07,51.58
4/11/2018 16:00:00,166.32,43.11,71.35,303.67,51
4/12/2018 16:00:00,163.87,43.54,72.43,309.25,51.63
4/13/2018 16:00:00,164.52,43.68,71.54,311.65,51.46
4/16/2018 16:00:00,164.83,43.96,72.08,307.78,51.9
4/17/2018 16:00:00,168.66,44.56,75.19,336.06,53.71
4/18/2018 16:00:00,166.36,44.46,76.39,334.52,53.6
4/19/2018 16:00:00,168.1,43.2,77.85,332.7,54.39
4/20/2018 16:00:00,166.28,41.43,76.37,327.77,53.65
4/23/2018 16:00:00,165.84,41.31,75.89,318.69,53.37
4/24/2018 16:00:00,159.69,40.74,73,307.02,51
4/25/2018 16:00:00,159.69,40.91,73.01,305.76,51.06
4/26/2018 16:00:00,174.16,41.06,75.9,313.98,52
4/27/2018 16:00:00,173.59,40.58,78.63,311.76,51.5
4/30/2018 16:00:00,172,41.32,78.31,312.46,50.87
5/1/2018 16:00:00,173.86,42.28,79.11,313.3,51.87
5/2/2018 16:00:00,176.07,44.14,78.48,313.36,51.22
5/3/2018 16:00:00,174.02,44.22,78.6,311.69,51.19
5/4/2018 16:00:00,176.61,45.96,79.05,320.09,52.41
5/7/2018 16:00:00,177.97,46.29,80.01,326.26,52.74
5/8/2018 16:00:00,178.92,46.51,79.62,326.89,52.7
5/9/2018 16:00:00,182.66,46.84,80.4,330.3,54.14
5/10/2018 16:00:00,185.53,47.51,80.45,329.6,54.88
5/11/2018 16:00:00,186.99,47.15,80.15,326.46,54.91
5/14/2018 16:00:00,186.64,47.04,80.08,328.53,55.01
5/15/2018 16:00:00,184.32,46.61,78.81,326.13,53.96
5/16/2018 16:00:00,183.2,47.05,79.36,328.19,54.09
5/17/2018 16:00:00,183.76,46.75,79.09,325.22,53.93
5/18/2018 16:00:00,182.68,46.58,78.72,324.18,53.32
5/21/2018 16:00:00,184.49,46.91,79.27,331.82,53.98
5/22/2018 16:00:00,183.8,46.79,79.07,331.62,53.49
5/23/2018 16:00:00,186.9,47.09,80.09,344.72,53.98
5/24/2018 16:00:00,185.93,47.04,80.15,349.29,53.96
5/25/2018 16:00:00,184.92,47.15,80.51,351.29,53.78
5/29/2018 16:00:00,185.74,46.98,80.64,349.73,53.02
5/30/2018 16:00:00,187.67,46.88,81.24,353.54,53.39
5/31/2018 16:00:00,191.78,46.72,81.48,351.6,54.25
6/1/2018 16:00:00,193.99,47.56,82.08,359.93,55.98
6/4/2018 16:00:00,193.28,47.96,83.26,361.81,56.96
6/5/2018 16:00:00,192.94,48.33,84.82,365.8,56.98
6/6/2018 16:00:00,191.34,48.5,84.79,367.45,56.84
6/7/2018 16:00:00,188.18,48.37,84.47,361.4,56.19
6/8/2018 16:00:00,189.1,47.93,84.2,360.57,56.04
6/11/2018 16:00:00,191.54,47.81,84.46,361.45,56.5
6/12/2018 16:00:00,192.4,48.07,84.94,363.83,56.97
6/13/2018 16:00:00,192.41,47.68,85.24,379.93,56.74
6/14/2018 16:00:00,196.81,47.7,86.19,392.87,57.61
6/15/2018 16:00:00,195.85,47.21,85.8,391.98,57.61
6/18/2018 16:00:00,198.31,47.19,86.19,390.4,58.67
6/19/2018 16:00:00,197.49,46.42,86.74,404.98,58.4
6/20/2018 16:00:00,202,46.63,87.5,416.76,58.49
6/21/2018 16:00:00,201.5,46.37,86.51,415.44,57.88
6/22/2018 16:00:00,201.74,46.23,85.78,411.09,57.77
6/25/2018 16:00:00,196.35,45.54,83.16,384.48,56.24
6/26/2018 16:00:00,199,46.11,84.55,399.39,55.92
6/27/2018 16:00:00,195.84,46.04,83.03,390.39,55.2
6/28/2018 16:00:00,196.23,46.38,85.07,395.42,55.71
6/29/2018 16:00:00,194.32,46.28,84.99,391.43,55.78
7/2/2018 16:00:00,197.36,46.8,85.69,398.18,56.37
7/3/2018 13:00:00,192.73,45.98,84.7,390.52,55.14
7/5/2018 16:00:00,198.45,46.35,84.99,398.39,56.21
7/6/2018 16:00:00,203.23,46.99,85.53,408.25,57.01
7/9/2018 16:00:00,204.74,47.65,86.95,418.97,57.7
7/10/2018 16:00:00,203.54,47.59,87.15,415.63,57.64
7/11/2018 16:00:00,202.54,46.97,87.75,418.65,57.7
7/12/2018 16:00:00,206.92,47.76,89.83,413.5,59.17
7/13/2018 16:00:00,207.32,47.83,90.65,395.8,59.44
7/16/2018 16:00:00,207.23,47.73,91.12,400.48,59.19
7/17/2018 16:00:00,209.99,47.86,92.2,379.48,59.94
7/18/2018 16:00:00,209.36,47.6,92.15,375.13,59.79
7/19/2018 16:00:00,208.09,47.97,90.65,364.23,59.35
7/20/2018 16:00:00,209.94,47.86,90.69,361.05,59.25
7/23/2018 16:00:00,210.91,47.86,90.1,362.66,60.28
7/24/2018 16:00:00,214.67,48.25,91.46,357.32,62.4
7/25/2018 16:00:00,217.5,48.71,93.18,362.87,63.19
7/26/2018 16:00:00,176.26,48.55,90.4,363.09,63.42
7/27/2018 16:00:00,174.89,47.75,90.86,355.21,61.93
7/30/2018 16:00:00,171.06,47.48,88.96,334.96,60.99
7/31/2018 16:00:00,172.58,47.57,88.87,337.45,60.86
8/1/2018 16:00:00,171.65,50.38,89.86,338.38,61
8/2/2018 16:00:00,176.37,51.85,91.72,344.5,61.31
8/3/2018 16:00:00,177.78,52,91.16,343.09,61.19
8/6/2018 16:00:00,185.69,52.27,92.39,350.92,61.24
8/7/2018 16:00:00,183.81,51.78,93.12,351.83,62.11
8/8/2018 16:00:00,185.18,51.81,94.33,347.61,62.28
8/9/2018 16:00:00,183.09,52.22,94.93,349.36,62.46
8/10/2018 16:00:00,180.26,51.88,94.32,345.87,61.88
8/13/2018 16:00:00,180.05,52.22,94.81,341.31,61.75
8/14/2018 16:00:00,181.11,52.44,95.98,337.49,62.11
8/15/2018 16:00:00,179.53,52.56,94.13,326.4,60.72
8/16/2018 16:00:00,174.7,53.33,94.33,322.44,60.32
8/17/2018 16:00:00,173.8,54.4,94.11,316.78,60.05
8/20/2018 16:00:00,172.5,53.87,93.84,327.73,60.39
8/21/2018 16:00:00,172.62,53.76,94.17,338.02,60.08
8/22/2018 16:00:00,173.64,53.76,95.25,344.44,60.37
8/23/2018 16:00:00,172.9,53.87,95.15,339.17,60.27
8/24/2018 16:00:00,174.65,54.04,95.27,358.82,61.03
8/27/2018 16:00:00,177.46,54.49,96.38,364.58,62.09
8/28/2018 16:00:00,176.26,54.93,96.64,368.49,61.56
8/29/2018 16:00:00,175.9,55.75,99.91,368.04,62.47
8/30/2018 16:00:00,177.64,56.26,100.12,370.98,61.96
8/31/2018 16:00:00,175.73,56.91,100.64,367.68,60.91
9/4/2018 16:00:00,171.16,57.09,101.98,363.6,59.85
9/5/2018 16:00:00,167.18,56.72,99.74,341.18,59.32
9/6/2018 16:00:00,162.53,55.78,97.92,346.46,58.57
9/7/2018 16:00:00,163.04,55.33,97.6,348.68,58.24
9/10/2018 16:00:00,164.18,54.58,96.95,348.41,58.23
9/11/2018 16:00:00,165.94,55.96,99.36,355.93,58.87
9/12/2018 16:00:00,162,55.27,99.5,369.95,58.14
9/13/2018 16:00:00,161.36,56.6,99.49,368.15,58.77
9/14/2018 16:00:00,162.32,55.96,98.51,364.56,58.63
9/17/2018 16:00:00,160.58,54.47,95.4,350.35,57.8
9/18/2018 16:00:00,160.3,54.56,97.05,367.65,58.06
9/19/2018 16:00:00,163.06,54.59,96.32,366.96,58.55
9/20/2018 16:00:00,166.02,55.01,97.22,365.36,59.34
9/21/2018 16:00:00,162.93,54.42,95.75,361.19,58.3
9/24/2018 16:00:00,165.41,55.2,96.72,369.61,58.67
9/25/2018 16:00:00,164.91,55.55,98.73,369.43,59.23
9/26/2018 16:00:00,166.95,55.11,98.74,377.88,59.02
9/27/2018 16:00:00,168.84,56.24,100.65,380.71,59.73
9/28/2018 16:00:00,164.46,56.44,100.15,374.13,59.67
10/1/2018 16:00:00,162.44,56.82,100.22,381.43,59.77
10/2/2018 16:00:00,159.33,57.32,98.57,377.14,60.01
10/3/2018 16:00:00,162.43,58.02,97.64,377.05,60.15
10/4/2018 16:00:00,158.85,57,95.47,363.65,58.41
10/5/2018 16:00:00,157.33,56.07,94.48,351.35,57.87
10/8/2018 16:00:00,157.25,55.94,93.22,349.1,57.45
10/9/2018 16:00:00,157.9,56.72,93.52,355.71,56.94
10/10/2018 16:00:00,151.38,54.09,87.76,325.89,54.06
10/11/2018 16:00:00,153.35,53.61,85.97,321.1,53.97
10/12/2018 16:00:00,153.74,55.53,89.43,339.56,55.5
10/15/2018 16:00:00,153.52,54.34,88.05,333.13,54.61
10/16/2018 16:00:00,158.78,55.54,91,346.4,56.06
10/17/2018 16:00:00,159.42,55.3,91.59,364.7,55.78
10/18/2018 16:00:00,154.92,54.01,88.54,346.71,54.4
10/19/2018 16:00:00,154.05,54.83,88.2,332.67,54.82
10/22/2018 16:00:00,154.78,55.16,89.47,329.54,55.06
10/23/2018 16:00:00,154.39,55.68,88.44,333.16,55.18
10/24/2018 16:00:00,146.04,53.77,83.21,301.83,52.54
10/25/2018 16:00:00,150.95,54.95,89.11,312.87,54.78
10/26/2018 16:00:00,145.37,54.08,82.14,299.83,53.57
10/29/2018 16:00:00,142.09,53.06,76.94,284.84,51
10/30/2018 16:00:00,146.22,53.33,76.52,285.81,51.81
10/31/2018 16:00:00,151.79,54.72,79.9,301.78,53.84
11/1/2018 16:00:00,151.75,55.56,83.28,317.38,53.5
11/2/2018 16:00:00,150.35,51.87,83.28,309.1,52.89
11/5/2018 16:00:00,148.68,50.4,81.39,315.44,52
11/6/2018 16:00:00,149.94,50.94,82.14,310.84,52.79
11/7/2018 16:00:00,151.53,52.49,87.77,327.5,54.67
11/8/2018 16:00:00,147.87,52.12,87.75,317.92,54.12
11/9/2018 16:00:00,144.96,51.12,85.62,303.47,53.31
11/12/2018 16:00:00,141.55,48.54,81.84,294.07,51.93
11/13/2018 16:00:00,142.16,48.06,81.56,294.4,51.8
11/14/2018 16:00:00,144.22,46.7,79.95,286.73,52.18
11/15/2018 16:00:00,143.85,47.85,80.97,290.06,53.24
11/16/2018 16:00:00,139.53,48.38,79.67,286.21,53.07
11/19/2018 16:00:00,131.55,46.47,75.61,270.6,51
11/20/2018 16:00:00,132.43,44.25,74.77,266.98,51.29
11/21/2018 16:00:00,134.82,44.2,75.84,262.13,51.88
11/23/2018 13:00:00,131.73,43.07,75.1,258.82,51.19
11/26/2018 16:00:00,136.38,43.66,79.07,261.43,52.43
11/27/2018 16:00:00,135,43.56,79.07,266.63,52.22
11/28/2018 16:00:00,136.76,45.24,83.89,282.65,54.31
11/29/2018 16:00:00,138.68,44.89,83.68,288.75,54.42
11/30/2018 16:00:00,140.61,44.65,84.51,286.13,54.72
12/3/2018 16:00:00,141.09,46.21,88.62,290.3,55.32
12/4/2018 16:00:00,137.93,44.17,83.42,275.33,52.54
12/6/2018 16:00:00,139.63,43.68,84.96,282.88,53.44
12/7/2018 16:00:00,137.42,42.12,81.46,265.14,51.83
12/10/2018 16:00:00,141.85,42.4,82.05,269.7,51.98
12/11/2018 16:00:00,142.08,42.16,82.16,265.32,52.59
12/12/2018 16:00:00,144.5,42.28,83.18,274.88,53.18
12/13/2018 16:00:00,145.01,42.74,82.92,276.02,53.1
12/14/2018 16:00:00,144.06,41.37,79.6,266.84,52.11
12/17/2018 16:00:00,140.19,40.99,76.05,262.8,50.83
12/18/2018 16:00:00,143.66,41.52,77.57,270.94,51.44
12/19/2018 16:00:00,133.24,40.22,74.75,266.77,51.15
12/20/2018 16:00:00,133.4,39.21,73.04,260.58,50.47
12/21/2018 16:00:00,124.95,37.68,68.87,246.39,48.98
12/24/2018 13:00:00,124.06,36.71,67.2,233.88,48.81
12/26/2018 16:00:00,134.18,39.29,73.55,253.67,51.97
12/27/2018 16:00:00,134.52,39.04,73.08,255.57,52.19
12/28/2018 16:00:00,133.2,39.06,73.9,256.08,51.85
12/31/2018 16:00:00,131.09,39.44,75.1,267.66,51.78
1/2/2019 16:00:00,135.68,39.48,76.96,267.66,52.29
1/3/2019 16:00:00,131.74,35.55,75.01,271.2,50.8
1/4/2019 16:00:00,137.95,37.07,78.77,297.57,53.54
1/7/2019 16:00:00,138.05,36.98,81.48,315.34,53.42
1/8/2019 16:00:00,142.53,37.69,82.83,320.27,53.81
1/9/2019 16:00:00,144.23,38.33,82.97,319.96,53.73
1/10/2019 16:00:00,144.2,38.45,82.81,324.66,53.52
1/11/2019 16:00:00,143.8,38.07,82.03,337.59,52.86
1/14/2019 16:00:00,145.39,37.5,80.86,332.94,52.23
1/15/2019 16:00:00,148.95,38.27,83.73,354.64,53.86
1/16/2019 16:00:00,147.54,38.74,84.19,351.39,54.05
1/17/2019 16:00:00,148.3,38.97,84.66,353.19,54.5
1/18/2019 16:00:00,150.04,39.21,84.81,339.1,54.91
1/22/2019 16:00:00,147.57,38.33,81.61,325.16,53.53
1/23/2019 16:00:00,144.3,38.48,82,321.99,53.78
1/24/2019 16:00:00,145.83,38.17,82.75,326.67,53.7
1/25/2019 16:00:00,149.01,39.44,83.53,338.05,54.55
1/28/2019 16:00:00,147.47,39.08,81.89,335.66,53.5
1/29/2019 16:00:00,144.19,38.67,79.69,328.9,53.03
1/30/2019 16:00:00,150.42,41.31,83.52,340.66,54.45
1/31/2019 16:00:00,166.69,41.61,85.94,339.5,55.82
2/1/2019 16:00:00,165.71,41.63,81.31,339.85,55.54
2/4/2019 16:00:00,169.25,42.81,81.67,351.34,56.64
2/5/2019 16:00:00,171.16,43.55,82.94,355.81,57.3
2/6/2019 16:00:00,170.49,43.56,82.01,352.19,55.76
2/7/2019 16:00:00,166.38,42.74,80.72,344.71,54.94
2/8/2019 16:00:00,167.33,42.6,79.41,347.57,54.75
2/11/2019 16:00:00,165.79,42.36,79.55,345.73,54.75
2/12/2019 16:00:00,165.04,42.72,81.9,359.97,56.07
2/13/2019 16:00:00,164.07,42.55,82,351.77,56.01
2/14/2019 16:00:00,163.95,42.7,81.13,359.07,56.08
2/15/2019 16:00:00,162.5,42.61,80.4,356.87,55.68
2/19/2019 16:00:00,162.29,42.73,81.38,361.92,55.93
2/20/2019 16:00:00,162.56,43.01,81.11,359.91,55.69
2/21/2019 16:00:00,160.04,42.77,80.97,356.97,54.85
2/22/2019 16:00:00,161.89,43.24,81.58,363.02,55.52
2/25/2019 16:00:00,164.62,43.56,81.65,363.91,55.47
2/26/2019 16:00:00,164.13,43.58,81.82,364.97,55.76
2/27/2019 16:00:00,162.81,43.72,82.05,362.87,55.8
2/28/2019 16:00:00,161.45,43.29,81.99,358.1,56
3/1/2019 16:00:00,162.28,43.74,83.59,357.32,57.05
3/4/2019 16:00:00,167.37,43.96,84.81,351.04,57.39
3/5/2019 16:00:00,171.26,43.88,84.62,354.3,58.1
3/6/2019 16:00:00,172.51,43.63,83.45,359.61,57.89
3/7/2019 16:00:00,169.13,43.13,81.3,352.6,57.17
3/8/2019 16:00:00,169.6,43.23,81.04,349.6,57.12
3/11/2019 16:00:00,172.07,44.73,83.53,358.86,58.79
3/12/2019 16:00:00,171.92,45.23,83.66,356.27,59.66
3/13/2019 16:00:00,173.37,45.43,84.54,361.21,59.67
3/14/2019 16:00:00,170.17,45.93,84.31,358.82,59.28
3/15/2019 16:00:00,165.98,46.53,85.62,361.46,59.22
3/18/2019 16:00:00,160.47,47.01,87.11,363.44,59.21
3/19/2019 16:00:00,161.57,46.63,88.09,358.78,59.94
3/20/2019 16:00:00,165.44,47.04,89.86,375.22,61.2
3/21/2019 16:00:00,166.08,48.77,90.96,377.87,61.58
3/22/2019 16:00:00,164.34,47.76,88.24,361.01,60.28
3/25/2019 16:00:00,166.29,47.19,88.71,366.23,59.65
3/26/2019 16:00:00,167.68,46.7,89.19,359.97,59.23
3/27/2019 16:00:00,165.87,47.12,88.29,353.37,58.65
3/28/2019 16:00:00,165.55,47.18,88.67,354.61,58.42
3/29/2019 16:00:00,166.69,47.49,89.04,356.56,58.67
4/1/2019 16:00:00,168.7,47.81,90.71,366.96,59.72
4/2/2019 16:00:00,174.2,48.51,90.7,367.72,60.02
4/3/2019 16:00:00,173.54,48.84,91.04,369.75,60.3
4/4/2019 16:00:00,176.02,48.92,90.94,367.88,60.75
4/5/2019 16:00:00,175.72,49.25,91.86,365.49,60.36
4/8/2019 16:00:00,174.93,50.03,92.49,361.41,60.19
4/9/2019 16:00:00,177.58,49.88,91.79,364.71,59.86
4/10/2019 16:00:00,177.82,50.16,92.37,363.92,60.11
4/11/2019 16:00:00,177.51,49.74,92.2,367.65,60.23
4/12/2019 16:00:00,179.1,49.72,92.15,351.14,60.89
4/15/2019 16:00:00,179.65,49.81,92.24,348.87,61.06
4/16/2019 16:00:00,178.87,49.81,93.15,359.46,61.36
4/17/2019 16:00:00,178.78,50.78,93.24,354.74,61.82
4/18/2019 16:00:00,178.28,50.97,93.08,360.35,61.82
4/22/2019 16:00:00,181.44,51.13,94.37,377.34,62.44